testcase_id,v2_us,cache8192_us,native16k-r01_us,reciprocal-r02_us,input-prefetch-r03_us
6a9a9a99bf41025d6013eb8a,5.3,5.46,4.99,5.73,6.09
6a9a9a99bf41025d6013eb8e,11.58,11.74,11.93,12.43,12.56
6a9a9a99bf41025d6013eb92,6.67,6.7,6.43,7,6.47
6a9a9a99bf41025d6013eb96,32.21,31.78,31.46,33.66,31.94
6a9a9a99bf41025d6013eb9a,21.74,20.52,20.23,21.57,15.24
6a9a9a99bf41025d6013eb9e,49.17,48.89,48.07,51.32,48.46
6a9a9a99bf41025d6013eba2,74.94,75.4,73.47,78.31,75.13
6a9a9a99bf41025d6013eba6,216.96,216.42,217.41,229.94,219.58
6a9a9a99bf41025d6013ebaa,119.44,116.4,114.21,125.95,117.67
6a9a9a99bf41025d6013ebae,192.91,189.04,194.52,206.81,195.8
6a9a9a99bf41025d6013ebb2,235.32,228.5,228.18,231.85,192.2
6a9a9a99bf41025d6013ebb6,179.06,175.31,175.85,185.64,144.82
6a9a9a99bf41025d6013ebba,721.8,721.16,714.8,735.25,617.12
6a9a9a99bf41025d6013ebbe,56316.68,56444.7,55942.06,63391.36,56601.08
6a9a9a99bf41025d6013ebc2,14443.92,12842.92,12737.04,12574.07,11077.56
